run_accession	secondary_study_accession	sample_accession	secondary_sample_accession	experiment_accession	study_accession	submission_accession	tax_id	scientific_name	instrument_platform	instrument_model	library_name	nominal_length	library_layout	library_strategy	library_source	library_selection	read_count	base_count	center_name	first_public	last_updated	experiment_title	study_title	study_alias	experiment_alias	run_alias	fastq_bytes	fastq_md5	fastq_ftp	fastq_aspera	fastq_galaxy	submitted_bytes	submitted_md5	submitted_ftp	submitted_aspera	submitted_galaxy	submitted_format	sra_bytes	sra_md5	sra_ftp	sra_aspera	sra_galaxy	sample_alias	broker_name	sample_title	nominal_sdev	first_created
SRR23716722	SRP425920	SAMN33598348	SRS16961069	SRX19577986	PRJNA941264	SRA1600316	749906	gut metagenome	ILLUMINA	Illumina MiSeq	GSM7082427		SINGLE	OTHER	GENOMIC	other	75061	18756960		2023-04-09	2023-04-13	Illumina MiSeq sequencing: GSM7082427: severe group 13 gut metagenome OTHER	Interaction between the microbiome and the severity of diversion colitis after low anterior resection of rectal cancer	GSE226706	GSM7082427_r1	GSM7082427_r1	1354252	82c02b86f0718c0103ff613f508e96b2	ftp.sra.ebi.ac.uk/vol1/fastq/SRR237/022/SRR23716722/SRR23716722.fastq.gz	fasp.sra.ebi.ac.uk:/vol1/fastq/SRR237/022/SRR23716722/SRR23716722.fastq.gz	ftp.sra.ebi.ac.uk/vol1/fastq/SRR237/022/SRR23716722/SRR23716722.fastq.gz							4716186	ce92cfa2361db237779dfcf0fb27f0a7	ftp.sra.ebi.ac.uk/vol1/srr/SRR237/022/SRR23716722	fasp.sra.ebi.ac.uk:/vol1/srr/SRR237/022/SRR23716722	ftp.sra.ebi.ac.uk/vol1/srr/SRR237/022/SRR23716722	GSM7082427		severe group 13		2023-04-09
SRR23716726	SRP425920	SAMN33598350	SRS16961065	SRX19577982	PRJNA941264	SRA1600316	749906	gut metagenome	ILLUMINA	Illumina MiSeq	GSM7082425		SINGLE	OTHER	GENOMIC	other	75051	18753380		2023-04-09	2023-04-14	Illumina MiSeq sequencing: GSM7082425: severe group 11 gut metagenome OTHER	Interaction between the microbiome and the severity of diversion colitis after low anterior resection of rectal cancer	GSE226706	GSM7082425_r1	GSM7082425_r1	1424401	7040585a16ee4034ccdc34049259083a	ftp.sra.ebi.ac.uk/vol1/fastq/SRR237/026/SRR23716726/SRR23716726.fastq.gz	fasp.sra.ebi.ac.uk:/vol1/fastq/SRR237/026/SRR23716726/SRR23716726.fastq.gz	ftp.sra.ebi.ac.uk/vol1/fastq/SRR237/026/SRR23716726/SRR23716726.fastq.gz							4570865	f16b20ff89fb3cc339bd4068979e50de	ftp.sra.ebi.ac.uk/vol1/srr/SRR237/026/SRR23716726	fasp.sra.ebi.ac.uk:/vol1/srr/SRR237/026/SRR23716726	ftp.sra.ebi.ac.uk/vol1/srr/SRR237/026/SRR23716726	GSM7082425		severe group 11		2023-04-09
SRR23716729	SRP425920	SAMN33598353	SRS16961062	SRX19577979	PRJNA941264	SRA1600316	749906	gut metagenome	ILLUMINA	Illumina MiSeq	GSM7082422		SINGLE	OTHER	GENOMIC	other	75055	18744850		2023-04-09	2023-04-11	Illumina MiSeq sequencing: GSM7082422: severe group 8 gut metagenome OTHER	Interaction between the microbiome and the severity of diversion colitis after low anterior resection of rectal cancer	GSE226706	GSM7082422_r1	GSM7082422_r1	1472727	b3622239068b14133218f9373d23304b	ftp.sra.ebi.ac.uk/vol1/fastq/SRR237/029/SRR23716729/SRR23716729.fastq.gz	fasp.sra.ebi.ac.uk:/vol1/fastq/SRR237/029/SRR23716729/SRR23716729.fastq.gz	ftp.sra.ebi.ac.uk/vol1/fastq/SRR237/029/SRR23716729/SRR23716729.fastq.gz							4783501	c6f084408dcebaaaf80c571cb3742005	ftp.sra.ebi.ac.uk/vol1/srr/SRR237/029/SRR23716729	fasp.sra.ebi.ac.uk:/vol1/srr/SRR237/029/SRR23716729	ftp.sra.ebi.ac.uk/vol1/srr/SRR237/029/SRR23716729	GSM7082422		severe group 8		2023-04-09
SRR23716730	SRP425920	SAMN33598354	SRS16961061	SRX19577978	PRJNA941264	SRA1600316	749906	gut metagenome	ILLUMINA	Illumina MiSeq	GSM7082421		SINGLE	OTHER	GENOMIC	other	75048	18745990		2023-04-09	2023-04-13	Illumina MiSeq sequencing: GSM7082421: severe group 7 gut metagenome OTHER	Interaction between the microbiome and the severity of diversion colitis after low anterior resection of rectal cancer	GSE226706	GSM7082421_r1	GSM7082421_r1	1876495	b14b3dd4b7a210b8e57bc09b2cd1fe92	ftp.sra.ebi.ac.uk/vol1/fastq/SRR237/030/SRR23716730/SRR23716730.fastq.gz	fasp.sra.ebi.ac.uk:/vol1/fastq/SRR237/030/SRR23716730/SRR23716730.fastq.gz	ftp.sra.ebi.ac.uk/vol1/fastq/SRR237/030/SRR23716730/SRR23716730.fastq.gz							4802225	09a0c0a7142b9e637e380037f9805cc4	ftp.sra.ebi.ac.uk/vol1/srr/SRR237/030/SRR23716730	fasp.sra.ebi.ac.uk:/vol1/srr/SRR237/030/SRR23716730	ftp.sra.ebi.ac.uk/vol1/srr/SRR237/030/SRR23716730	GSM7082421		severe group 7		2023-04-09
SRR23716735	SRP425920	SAMN33598342	SRS16961056	SRX19577973	PRJNA941264	SRA1600316	749906	gut metagenome	ILLUMINA	Illumina MiSeq	GSM7082433		SINGLE	OTHER	GENOMIC	other	150098	37500400		2023-04-09	2023-04-11	Illumina MiSeq sequencing: GSM7082433: severe group 19 gut metagenome OTHER	Interaction between the microbiome and the severity of diversion colitis after low anterior resection of rectal cancer	GSE226706	GSM7082433_r1	GSM7082433_r1	3103601	a106a12699d6d675f3780ea020f6b010	ftp.sra.ebi.ac.uk/vol1/fastq/SRR237/035/SRR23716735/SRR23716735.fastq.gz	fasp.sra.ebi.ac.uk:/vol1/fastq/SRR237/035/SRR23716735/SRR23716735.fastq.gz	ftp.sra.ebi.ac.uk/vol1/fastq/SRR237/035/SRR23716735/SRR23716735.fastq.gz							9493145	cd34b918a7e6cf12b92b61a3f10f1418	ftp.sra.ebi.ac.uk/vol1/srr/SRR237/035/SRR23716735	fasp.sra.ebi.ac.uk:/vol1/srr/SRR237/035/SRR23716735	ftp.sra.ebi.ac.uk/vol1/srr/SRR237/035/SRR23716735	GSM7082433		severe group 19		2023-04-09
SRR23716739	SRP425920	SAMN33598358	SRS16961052	SRX19577969	PRJNA941264	SRA1600316	749906	gut metagenome	ILLUMINA	Illumina MiSeq	GSM7082417		SINGLE	OTHER	GENOMIC	other	75063	18743400		2023-04-09	2023-04-14	Illumina MiSeq sequencing: GSM7082417: severe group 3 gut metagenome OTHER	Interaction between the microbiome and the severity of diversion colitis after low anterior resection of rectal cancer	GSE226706	GSM7082417_r1	GSM7082417_r1	1152307	d0c2e3b746e459f4170e2438ca2ae85d	ftp.sra.ebi.ac.uk/vol1/fastq/SRR237/039/SRR23716739/SRR23716739.fastq.gz	fasp.sra.ebi.ac.uk:/vol1/fastq/SRR237/039/SRR23716739/SRR23716739.fastq.gz	ftp.sra.ebi.ac.uk/vol1/fastq/SRR237/039/SRR23716739/SRR23716739.fastq.gz							4703423	37d7406a237ade94ce2245d80b20cc1d	ftp.sra.ebi.ac.uk/vol1/srr/SRR237/039/SRR23716739	fasp.sra.ebi.ac.uk:/vol1/srr/SRR237/039/SRR23716739	ftp.sra.ebi.ac.uk/vol1/srr/SRR237/039/SRR23716739	GSM7082417		severe group 3		2023-04-09
SRR23716741	SRP425920	SAMN33598361	SRS16961051	SRX19577967	PRJNA941264	SRA1600316	749906	gut metagenome	ILLUMINA	Illumina MiSeq	GSM7082414		SINGLE	OTHER	GENOMIC	other	75042	18751310		2023-04-09	2023-04-14	Illumina MiSeq sequencing: GSM7082414: mild group 17 gut metagenome OTHER	Interaction between the microbiome and the severity of diversion colitis after low anterior resection of rectal cancer	GSE226706	GSM7082414_r1	GSM7082414_r1	1728620	cd085c904ea894751ff8767aa240cf7b	ftp.sra.ebi.ac.uk/vol1/fastq/SRR237/041/SRR23716741/SRR23716741.fastq.gz	fasp.sra.ebi.ac.uk:/vol1/fastq/SRR237/041/SRR23716741/SRR23716741.fastq.gz	ftp.sra.ebi.ac.uk/vol1/fastq/SRR237/041/SRR23716741/SRR23716741.fastq.gz							4731170	c376ef5cabb083633709a2f80862d996	ftp.sra.ebi.ac.uk/vol1/srr/SRR237/041/SRR23716741	fasp.sra.ebi.ac.uk:/vol1/srr/SRR237/041/SRR23716741	ftp.sra.ebi.ac.uk/vol1/srr/SRR237/041/SRR23716741	GSM7082414		mild group 17		2023-04-09
SRR23716743	SRP425920	SAMN33598362	SRS16961048	SRX19577965	PRJNA941264	SRA1600316	749906	gut metagenome	ILLUMINA	Illumina MiSeq	GSM7082413		SINGLE	OTHER	GENOMIC	other	75053	18752860		2023-04-09	2023-04-14	Illumina MiSeq sequencing: GSM7082413: mild group 16 gut metagenome OTHER	Interaction between the microbiome and the severity of diversion colitis after low anterior resection of rectal cancer	GSE226706	GSM7082413_r1	GSM7082413_r1	1237237	65db93b015469f4772286a856280e779	ftp.sra.ebi.ac.uk/vol1/fastq/SRR237/043/SRR23716743/SRR23716743.fastq.gz	fasp.sra.ebi.ac.uk:/vol1/fastq/SRR237/043/SRR23716743/SRR23716743.fastq.gz	ftp.sra.ebi.ac.uk/vol1/fastq/SRR237/043/SRR23716743/SRR23716743.fastq.gz							4164299	9483953ec6efea1c7fe6ddfda4f33990	ftp.sra.ebi.ac.uk/vol1/srr/SRR237/043/SRR23716743	fasp.sra.ebi.ac.uk:/vol1/srr/SRR237/043/SRR23716743	ftp.sra.ebi.ac.uk/vol1/srr/SRR237/043/SRR23716743	GSM7082413		mild group 16		2023-04-09
SRR23716747	SRP425920	SAMN33598368	SRS16961044	SRX19577961	PRJNA941264	SRA1600316	749906	gut metagenome	ILLUMINA	Illumina MiSeq	GSM7082407		SINGLE	OTHER	GENOMIC	other	75058	18752530		2023-04-09	2023-04-13	Illumina MiSeq sequencing: GSM7082407: mild group 10 gut metagenome OTHER	Interaction between the microbiome and the severity of diversion colitis after low anterior resection of rectal cancer	GSE226706	GSM7082407_r1	GSM7082407_r1	1353819	4be4cdf95121cf44a83e76163dd8f0c5	ftp.sra.ebi.ac.uk/vol1/fastq/SRR237/047/SRR23716747/SRR23716747.fastq.gz	fasp.sra.ebi.ac.uk:/vol1/fastq/SRR237/047/SRR23716747/SRR23716747.fastq.gz	ftp.sra.ebi.ac.uk/vol1/fastq/SRR237/047/SRR23716747/SRR23716747.fastq.gz							4777013	6ff286cf33f2506b9bbb6af125b118af	ftp.sra.ebi.ac.uk/vol1/srr/SRR237/047/SRR23716747	fasp.sra.ebi.ac.uk:/vol1/srr/SRR237/047/SRR23716747	ftp.sra.ebi.ac.uk/vol1/srr/SRR237/047/SRR23716747	GSM7082407		mild group 10		2023-04-09
SRR23716748	SRP425920	SAMN33598367	SRS16961042	SRX19577960	PRJNA941264	SRA1600316	749906	gut metagenome	ILLUMINA	Illumina MiSeq	GSM7082408		SINGLE	OTHER	GENOMIC	other	75051	18752830		2023-04-09	2023-04-14	Illumina MiSeq sequencing: GSM7082408: mild group 11 gut metagenome OTHER	Interaction between the microbiome and the severity of diversion colitis after low anterior resection of rectal cancer	GSE226706	GSM7082408_r1	GSM7082408_r1	1200236	9a51acd6da263391c0b66d37246d0b56	ftp.sra.ebi.ac.uk/vol1/fastq/SRR237/048/SRR23716748/SRR23716748.fastq.gz	fasp.sra.ebi.ac.uk:/vol1/fastq/SRR237/048/SRR23716748/SRR23716748.fastq.gz	ftp.sra.ebi.ac.uk/vol1/fastq/SRR237/048/SRR23716748/SRR23716748.fastq.gz							4582323	708d0bfacbacf23d7566012ee8679985	ftp.sra.ebi.ac.uk/vol1/srr/SRR237/048/SRR23716748	fasp.sra.ebi.ac.uk:/vol1/srr/SRR237/048/SRR23716748	ftp.sra.ebi.ac.uk/vol1/srr/SRR237/048/SRR23716748	GSM7082408		mild group 11		2023-04-09
SRR23716749	SRP425920	SAMN33598366	SRS16961043	SRX19577959	PRJNA941264	SRA1600316	749906	gut metagenome	ILLUMINA	Illumina MiSeq	GSM7082409		SINGLE	OTHER	GENOMIC	other	75098	18762370		2023-04-09	2023-04-14	Illumina MiSeq sequencing: GSM7082409: mild group 12 gut metagenome OTHER	Interaction between the microbiome and the severity of diversion colitis after low anterior resection of rectal cancer	GSE226706	GSM7082409_r1	GSM7082409_r1	1419489	7d0460f16917dddf9aa7898fff62650e	ftp.sra.ebi.ac.uk/vol1/fastq/SRR237/049/SRR23716749/SRR23716749.fastq.gz	fasp.sra.ebi.ac.uk:/vol1/fastq/SRR237/049/SRR23716749/SRR23716749.fastq.gz	ftp.sra.ebi.ac.uk/vol1/fastq/SRR237/049/SRR23716749/SRR23716749.fastq.gz							4536117	9ba47ef800139732bcda7865e354242d	ftp.sra.ebi.ac.uk/vol1/srr/SRR237/049/SRR23716749	fasp.sra.ebi.ac.uk:/vol1/srr/SRR237/049/SRR23716749	ftp.sra.ebi.ac.uk/vol1/srr/SRR237/049/SRR23716749	GSM7082409		mild group 12		2023-04-09
SRR23716753	SRP425920	SAMN33598375	SRS16961038	SRX19577955	PRJNA941264	SRA1600316	749906	gut metagenome	ILLUMINA	Illumina MiSeq	GSM7082400		SINGLE	OTHER	GENOMIC	other	75044	18752280		2023-04-09	2023-04-11	Illumina MiSeq sequencing: GSM7082400: mild group 3 gut metagenome OTHER	Interaction between the microbiome and the severity of diversion colitis after low anterior resection of rectal cancer	GSE226706	GSM7082400_r1	GSM7082400_r1	1514241	3ff3cd94e478afd48f07d5147335eb4c	ftp.sra.ebi.ac.uk/vol1/fastq/SRR237/053/SRR23716753/SRR23716753.fastq.gz	fasp.sra.ebi.ac.uk:/vol1/fastq/SRR237/053/SRR23716753/SRR23716753.fastq.gz	ftp.sra.ebi.ac.uk/vol1/fastq/SRR237/053/SRR23716753/SRR23716753.fastq.gz							4745884	31816b047723a1d344d687c99fc6a810	ftp.sra.ebi.ac.uk/vol1/srr/SRR237/053/SRR23716753	fasp.sra.ebi.ac.uk:/vol1/srr/SRR237/053/SRR23716753	ftp.sra.ebi.ac.uk/vol1/srr/SRR237/053/SRR23716753	GSM7082400		mild group 3		2023-04-09
SRR23716724	SRP425920	SAMN33598347	SRS16961068	SRX19577984	PRJNA941264	SRA1600316	749906	gut metagenome	ILLUMINA	Illumina MiSeq	GSM7082428		SINGLE	OTHER	GENOMIC	other	75051	18754960		2023-04-09	2023-04-14	Illumina MiSeq sequencing: GSM7082428: severe group 14 gut metagenome OTHER	Interaction between the microbiome and the severity of diversion colitis after low anterior resection of rectal cancer	GSE226706	GSM7082428_r1	GSM7082428_r1	1436560	0bef0264c62bac70e3e60c3ff15d8a0f	ftp.sra.ebi.ac.uk/vol1/fastq/SRR237/024/SRR23716724/SRR23716724.fastq.gz	fasp.sra.ebi.ac.uk:/vol1/fastq/SRR237/024/SRR23716724/SRR23716724.fastq.gz	ftp.sra.ebi.ac.uk/vol1/fastq/SRR237/024/SRR23716724/SRR23716724.fastq.gz							4617090	856ad607b64425d7601f0b74cd16573d	ftp.sra.ebi.ac.uk/vol1/srr/SRR237/024/SRR23716724	fasp.sra.ebi.ac.uk:/vol1/srr/SRR237/024/SRR23716724	ftp.sra.ebi.ac.uk/vol1/srr/SRR237/024/SRR23716724	GSM7082428		severe group 14		2023-04-09
SRR23716725	SRP425920	SAMN33598360	SRS16961066	SRX19577983	PRJNA941264	SRA1600316	749906	gut metagenome	ILLUMINA	Illumina MiSeq	GSM7082415		SINGLE	OTHER	GENOMIC	other	150108	37500180		2023-04-09	2023-04-14	Illumina MiSeq sequencing: GSM7082415: severe group 1 gut metagenome OTHER	Interaction between the microbiome and the severity of diversion colitis after low anterior resection of rectal cancer	GSE226706	GSM7082415_r1	GSM7082415_r1	3434977	c9b8cc943c4bb46ec2f6f8e906dd3dff	ftp.sra.ebi.ac.uk/vol1/fastq/SRR237/025/SRR23716725/SRR23716725.fastq.gz	fasp.sra.ebi.ac.uk:/vol1/fastq/SRR237/025/SRR23716725/SRR23716725.fastq.gz	ftp.sra.ebi.ac.uk/vol1/fastq/SRR237/025/SRR23716725/SRR23716725.fastq.gz							9510858	07d8a0b61e44a00ae8d318e91dfac452	ftp.sra.ebi.ac.uk/vol1/srr/SRR237/025/SRR23716725	fasp.sra.ebi.ac.uk:/vol1/srr/SRR237/025/SRR23716725	ftp.sra.ebi.ac.uk/vol1/srr/SRR237/025/SRR23716725	GSM7082415		severe group 1		2023-04-09
SRR23716727	SRP425920	SAMN33598351	SRS16961064	SRX19577981	PRJNA941264	SRA1600316	749906	gut metagenome	ILLUMINA	Illumina MiSeq	GSM7082424		SINGLE	OTHER	GENOMIC	other	64400	16089260		2023-04-09	2023-04-13	Illumina MiSeq sequencing: GSM7082424: severe group 10 gut metagenome OTHER	Interaction between the microbiome and the severity of diversion colitis after low anterior resection of rectal cancer	GSE226706	GSM7082424_r1	GSM7082424_r1	1101641	689a39c2bfc71fcad96f587341c43853	ftp.sra.ebi.ac.uk/vol1/fastq/SRR237/027/SRR23716727/SRR23716727.fastq.gz	fasp.sra.ebi.ac.uk:/vol1/fastq/SRR237/027/SRR23716727/SRR23716727.fastq.gz	ftp.sra.ebi.ac.uk/vol1/fastq/SRR237/027/SRR23716727/SRR23716727.fastq.gz							3836657	4e5795081e9019d5d4ff2db544df70ba	ftp.sra.ebi.ac.uk/vol1/srr/SRR237/027/SRR23716727	fasp.sra.ebi.ac.uk:/vol1/srr/SRR237/027/SRR23716727	ftp.sra.ebi.ac.uk/vol1/srr/SRR237/027/SRR23716727	GSM7082424		severe group 10		2023-04-09
SRR23716731	SRP425920	SAMN33598355	SRS16961060	SRX19577977	PRJNA941264	SRA1600316	749906	gut metagenome	ILLUMINA	Illumina MiSeq	GSM7082420		SINGLE	OTHER	GENOMIC	other	75054	18747050		2023-04-09	2023-04-13	Illumina MiSeq sequencing: GSM7082420: severe group 6 gut metagenome OTHER	Interaction between the microbiome and the severity of diversion colitis after low anterior resection of rectal cancer	GSE226706	GSM7082420_r1	GSM7082420_r1	1200980	9c2bcad8d346e42ed712dd0645ac7b76	ftp.sra.ebi.ac.uk/vol1/fastq/SRR237/031/SRR23716731/SRR23716731.fastq.gz	fasp.sra.ebi.ac.uk:/vol1/fastq/SRR237/031/SRR23716731/SRR23716731.fastq.gz	ftp.sra.ebi.ac.uk/vol1/fastq/SRR237/031/SRR23716731/SRR23716731.fastq.gz							4759893	4975e61ac631df474e7865f395c72fe0	ftp.sra.ebi.ac.uk/vol1/srr/SRR237/031/SRR23716731	fasp.sra.ebi.ac.uk:/vol1/srr/SRR237/031/SRR23716731	ftp.sra.ebi.ac.uk/vol1/srr/SRR237/031/SRR23716731	GSM7082420		severe group 6		2023-04-09
SRR23716733	SRP425920	SAMN33598338	SRS16961058	SRX19577975	PRJNA941264	SRA1600316	749906	gut metagenome	ILLUMINA	Illumina MiSeq	GSM7082437		SINGLE	OTHER	GENOMIC	other	75050	18746400		2023-04-09	2023-04-14	Illumina MiSeq sequencing: GSM7082437: severe group 23 gut metagenome OTHER	Interaction between the microbiome and the severity of diversion colitis after low anterior resection of rectal cancer	GSE226706	GSM7082437_r1	GSM7082437_r1	1436182	5d0638cda9bcc94dff4cab3f4bbb9d4e	ftp.sra.ebi.ac.uk/vol1/fastq/SRR237/033/SRR23716733/SRR23716733.fastq.gz	fasp.sra.ebi.ac.uk:/vol1/fastq/SRR237/033/SRR23716733/SRR23716733.fastq.gz	ftp.sra.ebi.ac.uk/vol1/fastq/SRR237/033/SRR23716733/SRR23716733.fastq.gz							4753882	af2e9c5ee3c7941b1d58b6cee99f5ecf	ftp.sra.ebi.ac.uk/vol1/srr/SRR237/033/SRR23716733	fasp.sra.ebi.ac.uk:/vol1/srr/SRR237/033/SRR23716733	ftp.sra.ebi.ac.uk/vol1/srr/SRR237/033/SRR23716733	GSM7082437		severe group 23		2023-04-09
SRR23716736	SRP425920	SAMN33598344	SRS16961055	SRX19577972	PRJNA941264	SRA1600316	749906	gut metagenome	ILLUMINA	Illumina MiSeq	GSM7082431		SINGLE	OTHER	GENOMIC	other	150078	37500110		2023-04-09	2023-04-14	Illumina MiSeq sequencing: GSM7082431: severe group 17 gut metagenome OTHER	Interaction between the microbiome and the severity of diversion colitis after low anterior resection of rectal cancer	GSE226706	GSM7082431_r1	GSM7082431_r1	3067459	5f7ab14a6bf7f3a6d4352a612f9e21c0	ftp.sra.ebi.ac.uk/vol1/fastq/SRR237/036/SRR23716736/SRR23716736.fastq.gz	fasp.sra.ebi.ac.uk:/vol1/fastq/SRR237/036/SRR23716736/SRR23716736.fastq.gz	ftp.sra.ebi.ac.uk/vol1/fastq/SRR237/036/SRR23716736/SRR23716736.fastq.gz							9220828	6096e04e30a2fd64c5b4d7b1d7426c22	ftp.sra.ebi.ac.uk/vol1/srr/SRR237/036/SRR23716736	fasp.sra.ebi.ac.uk:/vol1/srr/SRR237/036/SRR23716736	ftp.sra.ebi.ac.uk/vol1/srr/SRR237/036/SRR23716736	GSM7082431		severe group 17		2023-04-09
SRR23716744	SRP425920	SAMN33598371	SRS16961047	SRX19577964	PRJNA941264	SRA1600316	749906	gut metagenome	ILLUMINA	Illumina MiSeq	GSM7082404		SINGLE	OTHER	GENOMIC	other	75059	18758330		2023-04-09	2023-04-14	Illumina MiSeq sequencing: GSM7082404: mild group 7 gut metagenome OTHER	Interaction between the microbiome and the severity of diversion colitis after low anterior resection of rectal cancer	GSE226706	GSM7082404_r1	GSM7082404_r1	1515767	7ceafb7ec0b4f812274990697f76f93a	ftp.sra.ebi.ac.uk/vol1/fastq/SRR237/044/SRR23716744/SRR23716744.fastq.gz	fasp.sra.ebi.ac.uk:/vol1/fastq/SRR237/044/SRR23716744/SRR23716744.fastq.gz	ftp.sra.ebi.ac.uk/vol1/fastq/SRR237/044/SRR23716744/SRR23716744.fastq.gz							4543531	6a8f78ee758fee4207a9b54f5c8c9aca	ftp.sra.ebi.ac.uk/vol1/srr/SRR237/044/SRR23716744	fasp.sra.ebi.ac.uk:/vol1/srr/SRR237/044/SRR23716744	ftp.sra.ebi.ac.uk/vol1/srr/SRR237/044/SRR23716744	GSM7082404		mild group 7		2023-04-09
SRR23716745	SRP425920	SAMN33598370	SRS16961046	SRX19577963	PRJNA941264	SRA1600316	749906	gut metagenome	ILLUMINA	Illumina MiSeq	GSM7082405		SINGLE	OTHER	GENOMIC	other	75050	18753000		2023-04-09	2023-04-13	Illumina MiSeq sequencing: GSM7082405: mild group 8 gut metagenome OTHER	Interaction between the microbiome and the severity of diversion colitis after low anterior resection of rectal cancer	GSE226706	GSM7082405_r1	GSM7082405_r1	1305652	e029e98053c28c1d9f1690d22206c8c3	ftp.sra.ebi.ac.uk/vol1/fastq/SRR237/045/SRR23716745/SRR23716745.fastq.gz	fasp.sra.ebi.ac.uk:/vol1/fastq/SRR237/045/SRR23716745/SRR23716745.fastq.gz	ftp.sra.ebi.ac.uk/vol1/fastq/SRR237/045/SRR23716745/SRR23716745.fastq.gz							4667857	442afda1b0bca771b3dfdda96d74046f	ftp.sra.ebi.ac.uk/vol1/srr/SRR237/045/SRR23716745	fasp.sra.ebi.ac.uk:/vol1/srr/SRR237/045/SRR23716745	ftp.sra.ebi.ac.uk/vol1/srr/SRR237/045/SRR23716745	GSM7082405		mild group 8		2023-04-09
SRR23716751	SRP425920	SAMN33598364	SRS16961040	SRX19577957	PRJNA941264	SRA1600316	749906	gut metagenome	ILLUMINA	Illumina MiSeq	GSM7082411		SINGLE	OTHER	GENOMIC	other	75061	18756080		2023-04-09	2023-04-14	Illumina MiSeq sequencing: GSM7082411: mild group 14 gut metagenome OTHER	Interaction between the microbiome and the severity of diversion colitis after low anterior resection of rectal cancer	GSE226706	GSM7082411_r1	GSM7082411_r1	1501308	5e992f6120f9969fde6a9b88528f8713	ftp.sra.ebi.ac.uk/vol1/fastq/SRR237/051/SRR23716751/SRR23716751.fastq.gz	fasp.sra.ebi.ac.uk:/vol1/fastq/SRR237/051/SRR23716751/SRR23716751.fastq.gz	ftp.sra.ebi.ac.uk/vol1/fastq/SRR237/051/SRR23716751/SRR23716751.fastq.gz							4615090	c213da1bbc523cd5507d110c37003fd6	ftp.sra.ebi.ac.uk/vol1/srr/SRR237/051/SRR23716751	fasp.sra.ebi.ac.uk:/vol1/srr/SRR237/051/SRR23716751	ftp.sra.ebi.ac.uk/vol1/srr/SRR237/051/SRR23716751	GSM7082411		mild group 14		2023-04-09
SRR23716754	SRP425920	SAMN33598374	SRS16961037	SRX19577954	PRJNA941264	SRA1600316	749906	gut metagenome	ILLUMINA	Illumina MiSeq	GSM7082401		SINGLE	OTHER	GENOMIC	other	75054	18752720		2023-04-09	2023-04-13	Illumina MiSeq sequencing: GSM7082401: mild group 4 gut metagenome OTHER	Interaction between the microbiome and the severity of diversion colitis after low anterior resection of rectal cancer	GSE226706	GSM7082401_r1	GSM7082401_r1	1450916	bd738662b9b7b107c3f5485983117990	ftp.sra.ebi.ac.uk/vol1/fastq/SRR237/054/SRR23716754/SRR23716754.fastq.gz	fasp.sra.ebi.ac.uk:/vol1/fastq/SRR237/054/SRR23716754/SRR23716754.fastq.gz	ftp.sra.ebi.ac.uk/vol1/fastq/SRR237/054/SRR23716754/SRR23716754.fastq.gz							4577730	f7d7760b8359685ebc3900e59777ce7b	ftp.sra.ebi.ac.uk/vol1/srr/SRR237/054/SRR23716754	fasp.sra.ebi.ac.uk:/vol1/srr/SRR237/054/SRR23716754	ftp.sra.ebi.ac.uk/vol1/srr/SRR237/054/SRR23716754	GSM7082401		mild group 4		2023-04-09
SRR23716756	SRP425920	SAMN33598376	SRS16961034	SRX19577952	PRJNA941264	SRA1600316	749906	gut metagenome	ILLUMINA	Illumina MiSeq	GSM7082399		SINGLE	OTHER	GENOMIC	other	75057	18754670		2023-04-09	2023-04-11	Illumina MiSeq sequencing: GSM7082399: mild group 2 gut metagenome OTHER	Interaction between the microbiome and the severity of diversion colitis after low anterior resection of rectal cancer	GSE226706	GSM7082399_r1	GSM7082399_r1	1780682	fdec6e9268fc1e4f5368d01ebbc27f3d	ftp.sra.ebi.ac.uk/vol1/fastq/SRR237/056/SRR23716756/SRR23716756.fastq.gz	fasp.sra.ebi.ac.uk:/vol1/fastq/SRR237/056/SRR23716756/SRR23716756.fastq.gz	ftp.sra.ebi.ac.uk/vol1/fastq/SRR237/056/SRR23716756/SRR23716756.fastq.gz							4781460	a9567f0f68e58b4fa8b45acd1052fc31	ftp.sra.ebi.ac.uk/vol1/srr/SRR237/056/SRR23716756	fasp.sra.ebi.ac.uk:/vol1/srr/SRR237/056/SRR23716756	ftp.sra.ebi.ac.uk/vol1/srr/SRR237/056/SRR23716756	GSM7082399		mild group 2		2023-04-09
SRR23716723	SRP425920	SAMN33598349	SRS16961067	SRX19577985	PRJNA941264	SRA1600316	749906	gut metagenome	ILLUMINA	Illumina MiSeq	GSM7082426		SINGLE	OTHER	GENOMIC	other	75041	18752770		2023-04-09	2023-04-11	Illumina MiSeq sequencing: GSM7082426: severe group 12 gut metagenome OTHER	Interaction between the microbiome and the severity of diversion colitis after low anterior resection of rectal cancer	GSE226706	GSM7082426_r1	GSM7082426_r1	1515852	bbf9a0a57420aaa4b339123df39a1f38	ftp.sra.ebi.ac.uk/vol1/fastq/SRR237/023/SRR23716723/SRR23716723.fastq.gz	fasp.sra.ebi.ac.uk:/vol1/fastq/SRR237/023/SRR23716723/SRR23716723.fastq.gz	ftp.sra.ebi.ac.uk/vol1/fastq/SRR237/023/SRR23716723/SRR23716723.fastq.gz							4463681	462026572070975fea5415564056dc9a	ftp.sra.ebi.ac.uk/vol1/srr/SRR237/023/SRR23716723	fasp.sra.ebi.ac.uk:/vol1/srr/SRR237/023/SRR23716723	ftp.sra.ebi.ac.uk/vol1/srr/SRR237/023/SRR23716723	GSM7082426		severe group 12		2023-04-09
SRR23716728	SRP425920	SAMN33598352	SRS16961063	SRX19577980	PRJNA941264	SRA1600316	749906	gut metagenome	ILLUMINA	Illumina MiSeq	GSM7082423		SINGLE	OTHER	GENOMIC	other	75041	18747590		2023-04-09	2023-04-13	Illumina MiSeq sequencing: GSM7082423: severe group 9 gut metagenome OTHER	Interaction between the microbiome and the severity of diversion colitis after low anterior resection of rectal cancer	GSE226706	GSM7082423_r1	GSM7082423_r1	1379033	c061a60e201bf42f40058bc3c08e3fbe	ftp.sra.ebi.ac.uk/vol1/fastq/SRR237/028/SRR23716728/SRR23716728.fastq.gz	fasp.sra.ebi.ac.uk:/vol1/fastq/SRR237/028/SRR23716728/SRR23716728.fastq.gz	ftp.sra.ebi.ac.uk/vol1/fastq/SRR237/028/SRR23716728/SRR23716728.fastq.gz							4808346	3ea0de20965974ef1681c3ddea7ae761	ftp.sra.ebi.ac.uk/vol1/srr/SRR237/028/SRR23716728	fasp.sra.ebi.ac.uk:/vol1/srr/SRR237/028/SRR23716728	ftp.sra.ebi.ac.uk/vol1/srr/SRR237/028/SRR23716728	GSM7082423		severe group 9		2023-04-09
SRR23716732	SRP425920	SAMN33598356	SRS16961059	SRX19577976	PRJNA941264	SRA1600316	749906	gut metagenome	ILLUMINA	Illumina MiSeq	GSM7082419		SINGLE	OTHER	GENOMIC	other	75070	18740360		2023-04-09	2023-04-13	Illumina MiSeq sequencing: GSM7082419: severe group 5 gut metagenome OTHER	Interaction between the microbiome and the severity of diversion colitis after low anterior resection of rectal cancer	GSE226706	GSM7082419_r1	GSM7082419_r1	1702150	ac459ce36646a897079573437757b499	ftp.sra.ebi.ac.uk/vol1/fastq/SRR237/032/SRR23716732/SRR23716732.fastq.gz	fasp.sra.ebi.ac.uk:/vol1/fastq/SRR237/032/SRR23716732/SRR23716732.fastq.gz	ftp.sra.ebi.ac.uk/vol1/fastq/SRR237/032/SRR23716732/SRR23716732.fastq.gz							4809830	cd4af41bd95f5207a03dd01632a7def7	ftp.sra.ebi.ac.uk/vol1/srr/SRR237/032/SRR23716732	fasp.sra.ebi.ac.uk:/vol1/srr/SRR237/032/SRR23716732	ftp.sra.ebi.ac.uk/vol1/srr/SRR237/032/SRR23716732	GSM7082419		severe group 5		2023-04-09
SRR23716734	SRP425920	SAMN33598343	SRS16961057	SRX19577974	PRJNA941264	SRA1600316	749906	gut metagenome	ILLUMINA	Illumina MiSeq	GSM7082432		SINGLE	OTHER	GENOMIC	other	150112	37500330		2023-04-09	2023-04-13	Illumina MiSeq sequencing: GSM7082432: severe group 18 gut metagenome OTHER	Interaction between the microbiome and the severity of diversion colitis after low anterior resection of rectal cancer	GSE226706	GSM7082432_r1	GSM7082432_r1	3197657	9b8f3b8a03b970bc62460f44b23d50f2	ftp.sra.ebi.ac.uk/vol1/fastq/SRR237/034/SRR23716734/SRR23716734.fastq.gz	fasp.sra.ebi.ac.uk:/vol1/fastq/SRR237/034/SRR23716734/SRR23716734.fastq.gz	ftp.sra.ebi.ac.uk/vol1/fastq/SRR237/034/SRR23716734/SRR23716734.fastq.gz							9437970	5c965b92a0abfc80bc1e472b50c52efc	ftp.sra.ebi.ac.uk/vol1/srr/SRR237/034/SRR23716734	fasp.sra.ebi.ac.uk:/vol1/srr/SRR237/034/SRR23716734	ftp.sra.ebi.ac.uk/vol1/srr/SRR237/034/SRR23716734	GSM7082432		severe group 18		2023-04-09
SRR23716737	SRP425920	SAMN33598345	SRS16961054	SRX19577971	PRJNA941264	SRA1600316	749906	gut metagenome	ILLUMINA	Illumina MiSeq	GSM7082430		SINGLE	OTHER	GENOMIC	other	68437	17102390		2023-04-09	2023-04-11	Illumina MiSeq sequencing: GSM7082430: severe group 16 gut metagenome OTHER	Interaction between the microbiome and the severity of diversion colitis after low anterior resection of rectal cancer	GSE226706	GSM7082430_r1	GSM7082430_r1	935697	492a08d21a660c259c9040335faa4fb2	ftp.sra.ebi.ac.uk/vol1/fastq/SRR237/037/SRR23716737/SRR23716737.fastq.gz	fasp.sra.ebi.ac.uk:/vol1/fastq/SRR237/037/SRR23716737/SRR23716737.fastq.gz	ftp.sra.ebi.ac.uk/vol1/fastq/SRR237/037/SRR23716737/SRR23716737.fastq.gz							3729052	5c9d814f607a064cdfa3efaa41e5c0d1	ftp.sra.ebi.ac.uk/vol1/srr/SRR237/037/SRR23716737	fasp.sra.ebi.ac.uk:/vol1/srr/SRR237/037/SRR23716737	ftp.sra.ebi.ac.uk/vol1/srr/SRR237/037/SRR23716737	GSM7082430		severe group 16		2023-04-09
SRR23716738	SRP425920	SAMN33598346	SRS16961053	SRX19577970	PRJNA941264	SRA1600316	749906	gut metagenome	ILLUMINA	Illumina MiSeq	GSM7082429		SINGLE	OTHER	GENOMIC	other	75063	18757160		2023-04-09	2023-04-14	Illumina MiSeq sequencing: GSM7082429: severe group 15 gut metagenome OTHER	Interaction between the microbiome and the severity of diversion colitis after low anterior resection of rectal cancer	GSE226706	GSM7082429_r1	GSM7082429_r1	1447768	5bb11dc059a2196ea6d07a361f275927	ftp.sra.ebi.ac.uk/vol1/fastq/SRR237/038/SRR23716738/SRR23716738.fastq.gz	fasp.sra.ebi.ac.uk:/vol1/fastq/SRR237/038/SRR23716738/SRR23716738.fastq.gz	ftp.sra.ebi.ac.uk/vol1/fastq/SRR237/038/SRR23716738/SRR23716738.fastq.gz							4622254	928cb2a81eb878ec9df8535f3d5bd20c	ftp.sra.ebi.ac.uk/vol1/srr/SRR237/038/SRR23716738	fasp.sra.ebi.ac.uk:/vol1/srr/SRR237/038/SRR23716738	ftp.sra.ebi.ac.uk/vol1/srr/SRR237/038/SRR23716738	GSM7082429		severe group 15		2023-04-09
SRR23716740	SRP425920	SAMN33598359	SRS16961049	SRX19577968	PRJNA941264	SRA1600316	749906	gut metagenome	ILLUMINA	Illumina MiSeq	GSM7082416		SINGLE	OTHER	GENOMIC	other	75044	18748100		2023-04-09	2023-04-14	Illumina MiSeq sequencing: GSM7082416: severe group 2 gut metagenome OTHER	Interaction between the microbiome and the severity of diversion colitis after low anterior resection of rectal cancer	GSE226706	GSM7082416_r1	GSM7082416_r1	1390560	6fdd0b5b611f08fd06433c11ef5c16cc	ftp.sra.ebi.ac.uk/vol1/fastq/SRR237/040/SRR23716740/SRR23716740.fastq.gz	fasp.sra.ebi.ac.uk:/vol1/fastq/SRR237/040/SRR23716740/SRR23716740.fastq.gz	ftp.sra.ebi.ac.uk/vol1/fastq/SRR237/040/SRR23716740/SRR23716740.fastq.gz							4811009	90d51cae8ad1ac613c8087a5cb4953b6	ftp.sra.ebi.ac.uk/vol1/srr/SRR237/040/SRR23716740	fasp.sra.ebi.ac.uk:/vol1/srr/SRR237/040/SRR23716740	ftp.sra.ebi.ac.uk/vol1/srr/SRR237/040/SRR23716740	GSM7082416		severe group 2		2023-04-09
SRR23716742	SRP425920	SAMN33598373	SRS16961050	SRX19577966	PRJNA941264	SRA1600316	749906	gut metagenome	ILLUMINA	Illumina MiSeq	GSM7082402		SINGLE	OTHER	GENOMIC	other	75036	18752150		2023-04-09	2023-04-13	Illumina MiSeq sequencing: GSM7082402: mild group 5 gut metagenome OTHER	Interaction between the microbiome and the severity of diversion colitis after low anterior resection of rectal cancer	GSE226706	GSM7082402_r1	GSM7082402_r1	1434582	846ec6be689e98b26c0a07a815905167	ftp.sra.ebi.ac.uk/vol1/fastq/SRR237/042/SRR23716742/SRR23716742.fastq.gz	fasp.sra.ebi.ac.uk:/vol1/fastq/SRR237/042/SRR23716742/SRR23716742.fastq.gz	ftp.sra.ebi.ac.uk/vol1/fastq/SRR237/042/SRR23716742/SRR23716742.fastq.gz							4691012	611debdcab86204bb82507fb3b1710f8	ftp.sra.ebi.ac.uk/vol1/srr/SRR237/042/SRR23716742	fasp.sra.ebi.ac.uk:/vol1/srr/SRR237/042/SRR23716742	ftp.sra.ebi.ac.uk/vol1/srr/SRR237/042/SRR23716742	GSM7082402		mild group 5		2023-04-09
SRR23716746	SRP425920	SAMN33598369	SRS16961045	SRX19577962	PRJNA941264	SRA1600316	749906	gut metagenome	ILLUMINA	Illumina MiSeq	GSM7082406		SINGLE	OTHER	GENOMIC	other	75098	18763160		2023-04-09	2023-04-13	Illumina MiSeq sequencing: GSM7082406: mild group 9 gut metagenome OTHER	Interaction between the microbiome and the severity of diversion colitis after low anterior resection of rectal cancer	GSE226706	GSM7082406_r1	GSM7082406_r1	1819841	03620561ba0fdfdcd46abe437bf40b6f	ftp.sra.ebi.ac.uk/vol1/fastq/SRR237/046/SRR23716746/SRR23716746.fastq.gz	fasp.sra.ebi.ac.uk:/vol1/fastq/SRR237/046/SRR23716746/SRR23716746.fastq.gz	ftp.sra.ebi.ac.uk/vol1/fastq/SRR237/046/SRR23716746/SRR23716746.fastq.gz							4740443	d4a0a7a35321d0dda81fa06eb4a5c2d5	ftp.sra.ebi.ac.uk/vol1/srr/SRR237/046/SRR23716746	fasp.sra.ebi.ac.uk:/vol1/srr/SRR237/046/SRR23716746	ftp.sra.ebi.ac.uk/vol1/srr/SRR237/046/SRR23716746	GSM7082406		mild group 9		2023-04-09
SRR23716750	SRP425920	SAMN33598365	SRS16961041	SRX19577958	PRJNA941264	SRA1600316	749906	gut metagenome	ILLUMINA	Illumina MiSeq	GSM7082410		SINGLE	OTHER	GENOMIC	other	75063	18757210		2023-04-09	2023-04-14	Illumina MiSeq sequencing: GSM7082410: mild group 13 gut metagenome OTHER	Interaction between the microbiome and the severity of diversion colitis after low anterior resection of rectal cancer	GSE226706	GSM7082410_r1	GSM7082410_r1	1482295	a877b54760dbb23b2a09eb925a7c7943	ftp.sra.ebi.ac.uk/vol1/fastq/SRR237/050/SRR23716750/SRR23716750.fastq.gz	fasp.sra.ebi.ac.uk:/vol1/fastq/SRR237/050/SRR23716750/SRR23716750.fastq.gz	ftp.sra.ebi.ac.uk/vol1/fastq/SRR237/050/SRR23716750/SRR23716750.fastq.gz							4611214	24e8334fb4fc213fdfeafaceefa108c6	ftp.sra.ebi.ac.uk/vol1/srr/SRR237/050/SRR23716750	fasp.sra.ebi.ac.uk:/vol1/srr/SRR237/050/SRR23716750	ftp.sra.ebi.ac.uk/vol1/srr/SRR237/050/SRR23716750	GSM7082410		mild group 13		2023-04-09
SRR23716752	SRP425920	SAMN33598363	SRS16961039	SRX19577956	PRJNA941264	SRA1600316	749906	gut metagenome	ILLUMINA	Illumina MiSeq	GSM7082412		SINGLE	OTHER	GENOMIC	other	75049	18752440		2023-04-09	2023-04-14	Illumina MiSeq sequencing: GSM7082412: mild group 15 gut metagenome OTHER	Interaction between the microbiome and the severity of diversion colitis after low anterior resection of rectal cancer	GSE226706	GSM7082412_r1	GSM7082412_r1	1504769	6924791e006bb240e570bff92a162f04	ftp.sra.ebi.ac.uk/vol1/fastq/SRR237/052/SRR23716752/SRR23716752.fastq.gz	fasp.sra.ebi.ac.uk:/vol1/fastq/SRR237/052/SRR23716752/SRR23716752.fastq.gz	ftp.sra.ebi.ac.uk/vol1/fastq/SRR237/052/SRR23716752/SRR23716752.fastq.gz							4716468	b45cabddaa2797518078caff3f995765	ftp.sra.ebi.ac.uk/vol1/srr/SRR237/052/SRR23716752	fasp.sra.ebi.ac.uk:/vol1/srr/SRR237/052/SRR23716752	ftp.sra.ebi.ac.uk/vol1/srr/SRR237/052/SRR23716752	GSM7082412		mild group 15		2023-04-09
SRR23716755	SRP425920	SAMN33598372	SRS16961035	SRX19577953	PRJNA941264	SRA1600316	749906	gut metagenome	ILLUMINA	Illumina MiSeq	GSM7082403		SINGLE	OTHER	GENOMIC	other	75039	18752910		2023-04-09	2023-04-14	Illumina MiSeq sequencing: GSM7082403: mild group 6 gut metagenome OTHER	Interaction between the microbiome and the severity of diversion colitis after low anterior resection of rectal cancer	GSE226706	GSM7082403_r1	GSM7082403_r1	1316615	6e2031197a4cc96c5ad6b083e2200f52	ftp.sra.ebi.ac.uk/vol1/fastq/SRR237/055/SRR23716755/SRR23716755.fastq.gz	fasp.sra.ebi.ac.uk:/vol1/fastq/SRR237/055/SRR23716755/SRR23716755.fastq.gz	ftp.sra.ebi.ac.uk/vol1/fastq/SRR237/055/SRR23716755/SRR23716755.fastq.gz							4688208	1d2db4a70259f95013fee3c421565b01	ftp.sra.ebi.ac.uk/vol1/srr/SRR237/055/SRR23716755	fasp.sra.ebi.ac.uk:/vol1/srr/SRR237/055/SRR23716755	ftp.sra.ebi.ac.uk/vol1/srr/SRR237/055/SRR23716755	GSM7082403		mild group 6		2023-04-09
SRR23716757	SRP425920	SAMN33598377	SRS16961036	SRX19577951	PRJNA941264	SRA1600316	749906	gut metagenome	ILLUMINA	Illumina MiSeq	GSM7082398		SINGLE	OTHER	GENOMIC	other	75058	18757300		2023-04-09	2023-04-11	Illumina MiSeq sequencing: GSM7082398: mild group 1 gut metagenome OTHER	Interaction between the microbiome and the severity of diversion colitis after low anterior resection of rectal cancer	GSE226706	GSM7082398_r1	GSM7082398_r1	1852810	62349ef82828daaa8b4fab72e550665c	ftp.sra.ebi.ac.uk/vol1/fastq/SRR237/057/SRR23716757/SRR23716757.fastq.gz	fasp.sra.ebi.ac.uk:/vol1/fastq/SRR237/057/SRR23716757/SRR23716757.fastq.gz	ftp.sra.ebi.ac.uk/vol1/fastq/SRR237/057/SRR23716757/SRR23716757.fastq.gz							4794934	a48db343d37b75f9e1829afee3ca2c7f	ftp.sra.ebi.ac.uk/vol1/srr/SRR237/057/SRR23716757	fasp.sra.ebi.ac.uk:/vol1/srr/SRR237/057/SRR23716757	ftp.sra.ebi.ac.uk/vol1/srr/SRR237/057/SRR23716757	GSM7082398		mild group 1		2023-04-09
