<?xml version="1.0" encoding="UTF-8"?>
<SAMPLE_SET>
<SAMPLE accession="SAMN33598375" alias="GSM7082400" center_name="Naval Medical University" broker_name="NCBI">
     <IDENTIFIERS>
          <PRIMARY_ID>SAMN33598375</PRIMARY_ID>
          <SECONDARY_ID>SRS16961038</SECONDARY_ID>
          <EXTERNAL_ID namespace="BioSample">SAMN33598375</EXTERNAL_ID>
          <SUBMITTER_ID namespace="Naval Medical University">GSM7082400</SUBMITTER_ID>
     </IDENTIFIERS>
     <TITLE>mild group 3</TITLE>
     <SAMPLE_NAME>
          <TAXON_ID>749906</TAXON_ID>
          <SCIENTIFIC_NAME>gut metagenome</SCIENTIFIC_NAME>
     </SAMPLE_NAME>
     <SAMPLE_LINKS>
    <SAMPLE_LINK>
        <XREF_LINK>
            <DB>ENA-FASTQ-FILES</DB>
            <ID><![CDATA[https://www.ebi.ac.uk/ena/portal/api/filereport?accession=SRS16961038&result=read_run&fields=run_accession,fastq_ftp,fastq_md5,fastq_bytes]]></ID>
        </XREF_LINK>
    </SAMPLE_LINK>
    <SAMPLE_LINK>
        <XREF_LINK>
            <DB>ENA-SUBMITTED-FILES</DB>
            <ID><![CDATA[https://www.ebi.ac.uk/ena/portal/api/filereport?accession=SRS16961038&result=read_run&fields=run_accession,submitted_ftp,submitted_md5,submitted_bytes,submitted_format]]></ID>
        </XREF_LINK>
    </SAMPLE_LINK>
</SAMPLE_LINKS>
<SAMPLE_ATTRIBUTES>
          <SAMPLE_ATTRIBUTE>
               <TAG>INSDC secondary accession</TAG>
               <VALUE>SRS16961038</VALUE>
          </SAMPLE_ATTRIBUTE>
          <SAMPLE_ATTRIBUTE>
               <TAG>NCBI submission package</TAG>
               <VALUE>Generic.1.0</VALUE>
          </SAMPLE_ATTRIBUTE>
          <SAMPLE_ATTRIBUTE>
               <TAG>organism</TAG>
               <VALUE>gut metagenome</VALUE>
          </SAMPLE_ATTRIBUTE>
          <SAMPLE_ATTRIBUTE>
               <TAG>tissue</TAG>
               <VALUE>intestinal lavage fluid</VALUE>
          </SAMPLE_ATTRIBUTE>
          <SAMPLE_ATTRIBUTE>
               <TAG>source_name</TAG>
               <VALUE>intestinal lavage fluid</VALUE>
          </SAMPLE_ATTRIBUTE>
          <SAMPLE_ATTRIBUTE>
               <TAG>group</TAG>
               <VALUE>Ctrl</VALUE>
          </SAMPLE_ATTRIBUTE>
          <SAMPLE_ATTRIBUTE>
               <TAG>BioSampleModel</TAG>
               <VALUE>Generic</VALUE>
          </SAMPLE_ATTRIBUTE>
          <SAMPLE_ATTRIBUTE>
               <TAG>ENA-FIRST-PUBLIC</TAG>
               <VALUE>2023-04-04</VALUE>
          </SAMPLE_ATTRIBUTE>
          <SAMPLE_ATTRIBUTE>
               <TAG>ENA-LAST-UPDATE</TAG>
               <VALUE>2023-04-04</VALUE>
          </SAMPLE_ATTRIBUTE>
     </SAMPLE_ATTRIBUTES>
</SAMPLE>
</SAMPLE_SET>
