<?xml version="1.0" encoding="UTF-8"?>
<SAMPLE_SET>
<SAMPLE accession="SAMN13181158" alias="M31" center_name="Naval Medical Research Center - Frederick" broker_name="NCBI">
     <IDENTIFIERS>
          <PRIMARY_ID>SAMN13181158</PRIMARY_ID>
          <SECONDARY_ID>SRS5622330</SECONDARY_ID>
          <EXTERNAL_ID namespace="BioSample">SAMN13181158</EXTERNAL_ID>
          <SUBMITTER_ID namespace="Naval Medical Research Center - Frederick">M31</SUBMITTER_ID>
     </IDENTIFIERS>
     <TITLE>Feces from healthy Macaca mulatta Number 31</TITLE>
     <SAMPLE_NAME>
          <TAXON_ID>749906</TAXON_ID>
          <SCIENTIFIC_NAME>gut metagenome</SCIENTIFIC_NAME>
     </SAMPLE_NAME>
     <SAMPLE_LINKS>
    <SAMPLE_LINK>
        <XREF_LINK>
            <DB>ENA-FASTQ-FILES</DB>
            <ID><![CDATA[https://www.ebi.ac.uk/ena/portal/api/filereport?accession=SRS5622330&result=read_run&fields=run_accession,fastq_ftp,fastq_md5,fastq_bytes]]></ID>
        </XREF_LINK>
    </SAMPLE_LINK>
    <SAMPLE_LINK>
        <XREF_LINK>
            <DB>ENA-SUBMITTED-FILES</DB>
            <ID><![CDATA[https://www.ebi.ac.uk/ena/portal/api/filereport?accession=SRS5622330&result=read_run&fields=run_accession,submitted_ftp,submitted_md5,submitted_bytes,submitted_format]]></ID>
        </XREF_LINK>
    </SAMPLE_LINK>
</SAMPLE_LINKS>
<SAMPLE_ATTRIBUTES>
          <SAMPLE_ATTRIBUTE>
               <TAG>INSDC secondary accession</TAG>
               <VALUE>SRS5622330</VALUE>
          </SAMPLE_ATTRIBUTE>
          <SAMPLE_ATTRIBUTE>
               <TAG>NCBI submission package</TAG>
               <VALUE>Metagenome.environmental.1.0</VALUE>
          </SAMPLE_ATTRIBUTE>
          <SAMPLE_ATTRIBUTE>
               <TAG>organism</TAG>
               <VALUE>gut metagenome</VALUE>
          </SAMPLE_ATTRIBUTE>
          <SAMPLE_ATTRIBUTE>
               <TAG>isolation source</TAG>
               <VALUE>colony-bred male rhesus macaque Number 31</VALUE>
          </SAMPLE_ATTRIBUTE>
          <SAMPLE_ATTRIBUTE>
               <TAG>host</TAG>
               <VALUE>Macaca mulatta</VALUE>
          </SAMPLE_ATTRIBUTE>
          <SAMPLE_ATTRIBUTE>
               <TAG>BioSampleModel</TAG>
               <VALUE>Metagenome or environmental</VALUE>
          </SAMPLE_ATTRIBUTE>
          <SAMPLE_ATTRIBUTE>
               <TAG>ENA-FIRST-PUBLIC</TAG>
               <VALUE>2020-11-01</VALUE>
          </SAMPLE_ATTRIBUTE>
          <SAMPLE_ATTRIBUTE>
               <TAG>ENA-LAST-UPDATE</TAG>
               <VALUE>2020-11-01</VALUE>
          </SAMPLE_ATTRIBUTE>
     </SAMPLE_ATTRIBUTES>
</SAMPLE>
</SAMPLE_SET>
