<?xml version="1.0" encoding="UTF-8"?>
<PROJECT_SET>
<PROJECT accession="PRJNA561197" alias="PRJNA561197" center_name="Naval Medical Research Center - Frederick" broker_name="NCBI">
     <IDENTIFIERS>
          <PRIMARY_ID>PRJNA561197</PRIMARY_ID>
          <SECONDARY_ID>SRP228940</SECONDARY_ID>
          <SUBMITTER_ID namespace="Naval Medical Research Center - Frederick">PRJNA561197</SUBMITTER_ID>
     </IDENTIFIERS>
     <NAME>Macaca mulatta</NAME>
     <TITLE>Macaca mulatta Metagenome</TITLE>
     <DESCRIPTION>We examined the fecal microbiome of rhesus macaques that were infected with SIVmac251 for 10 weeks and compared them to healthy (uninfected) and c-ART treated animals.</DESCRIPTION>
     <SUBMISSION_PROJECT>
          <SEQUENCING_PROJECT/>
          <ORGANISM>
               <TAXON_ID>9544</TAXON_ID>
               <SCIENTIFIC_NAME>Macaca mulatta</SCIENTIFIC_NAME>
          </ORGANISM>
     </SUBMISSION_PROJECT>
     <RELATED_PROJECTS>
          <RELATED_PROJECT>
               <PARENT_PROJECT accession="PRJNA12536"/>
          </RELATED_PROJECT>
     </RELATED_PROJECTS>
     <PROJECT_LINKS>
          <PROJECT_LINK>
               <XREF_LINK>
                    <DB>ENA-SAMPLE</DB>
                    <ID>SRS5622316-SRS5622338</ID>
               </XREF_LINK>
          </PROJECT_LINK>
          <PROJECT_LINK>
               <XREF_LINK>
                    <DB>ENA-EXPERIMENT</DB>
                    <ID>SRX7111401-SRX7111423</ID>
               </XREF_LINK>
          </PROJECT_LINK>
          <PROJECT_LINK>
               <XREF_LINK>
                    <DB>ENA-RUN</DB>
                    <ID>SRR10413196-SRR10413218</ID>
               </XREF_LINK>
          </PROJECT_LINK>
          <PROJECT_LINK>
               <XREF_LINK>
                    <DB>ENA-FASTQ-FILES</DB>
                    <ID><![CDATA[https://www.ebi.ac.uk/ena/portal/api/filereport?accession=PRJNA561197&result=read_run&fields=run_accession,fastq_ftp,fastq_md5,fastq_bytes]]></ID>
               </XREF_LINK>
          </PROJECT_LINK>
          <PROJECT_LINK>
               <XREF_LINK>
                    <DB>ENA-SUBMITTED-FILES</DB>
                    <ID><![CDATA[https://www.ebi.ac.uk/ena/portal/api/filereport?accession=PRJNA561197&result=read_run&fields=run_accession,submitted_ftp,submitted_md5,submitted_bytes,submitted_format]]></ID>
               </XREF_LINK>
          </PROJECT_LINK>
     </PROJECT_LINKS>
     <PROJECT_ATTRIBUTES>
          <PROJECT_ATTRIBUTE>
               <TAG>ENA-REFSEQ</TAG>
               <VALUE>N</VALUE>
          </PROJECT_ATTRIBUTE>
          <PROJECT_ATTRIBUTE>
               <TAG>PROJECT-ID</TAG>
               <VALUE>561197</VALUE>
          </PROJECT_ATTRIBUTE>
          <PROJECT_ATTRIBUTE>
               <TAG>NCBI-PROJECT-TYPE</TAG>
               <VALUE>SUBMISSION</VALUE>
          </PROJECT_ATTRIBUTE>
          <PROJECT_ATTRIBUTE>
               <TAG>ENA-FIRST-PUBLIC</TAG>
               <VALUE>2020-09-02</VALUE>
          </PROJECT_ATTRIBUTE>
          <PROJECT_ATTRIBUTE>
               <TAG>ENA-LAST-UPDATE</TAG>
               <VALUE>2023-05-19</VALUE>
          </PROJECT_ATTRIBUTE>
     </PROJECT_ATTRIBUTES>
</PROJECT>
</PROJECT_SET>
